Timestamp(s),Cart_Position_X,Pendulum_Angle_Rad,Pendulum_Angle_Deg,Velocity_dX_dT,AngVelocity_dTheta_dT,Action_Type,Force_Applied_N,Gravity_Setting,Force_Applied
0.05,-0.0001,0.1012,5.8,-0.0035,0.0388,NONE,0,9.81,0
0.1,-0.0004,0.1043,5.97,-0.007,0.0771,NONE,0,9.81,0
0.15,-0.0008,0.1093,6.26,-0.0105,0.1156,NONE,0,9.81,0
0.2,-0.0015,0.1163,6.67,-0.014,0.1552,NONE,0,9.81,0
0.25,-0.0023,0.1254,7.18,-0.0177,0.1964,NONE,0,9.81,0
0.3,-0.0033,0.1366,7.82,-0.0216,0.2401,NONE,0,9.81,0
0.35,-0.0045,0.15,8.6,-0.0258,0.287,NONE,0,9.81,0
0.4,-0.0059,0.166,9.51,-0.0303,0.3379,NONE,0,9.81,0
0.45,-0.0076,0.1847,10.58,-0.0352,0.3936,NONE,0,9.81,0
0.5,-0.0096,0.2063,11.82,-0.0406,0.455,NONE,0,9.81,0
0.55,-0.0118,0.2312,13.25,-0.0464,0.5229,NONE,0,9.81,0
0.6,-0.0143,0.2598,14.88,-0.0528,0.5985,NONE,0,9.81,0
0.65,-0.0172,0.2924,16.75,-0.0597,0.6828,NONE,0,9.81,0
0.7,-0.0204,0.3296,18.88,-0.0672,0.7768,NONE,0,9.81,0
0.75,-0.024,0.3718,21.3,-0.0753,0.8818,NONE,0,9.81,0
0.8,-0.028,0.4196,24.04,-0.0838,0.9988,NONE,0,9.81,0
0.85,-0.0325,0.4738,27.15,-0.0925,1.1292,NONE,0,9.81,0
0.9,-0.0374,0.5349,30.65,-0.1013,1.274,NONE,0,9.81,0
0.95,-0.0428,0.6038,34.59,-0.1097,1.4342,NONE,0,9.81,0
1,-0.0485,0.6812,39.03,-0.1171,1.6107,NONE,0,9.81,0
1.05,-0.0546,0.768,44,-0.1226,1.8039,NONE,0,9.81,0
1.1,-0.0608,0.865,49.56,-0.1251,2.014,NONE,0,9.81,0
1.15,-0.0671,0.973,55.75,-0.1232,2.2406,NONE,0,9.81,0
1.2,-0.0731,1.093,62.62,-0.1151,2.4825,NONE,0,9.81,0
1.25,-0.0784,1.2255,70.21,-0.0989,2.7383,NONE,0,9.81,0
1.3,-0.0826,1.3712,78.56,-0.0726,3.0054,NONE,0,9.81,0
1.35,-0.0851,1.5305,87.69,-0.0345,3.2808,NONE,0,9.81,0
1.4,-0.0853,1.7038,97.62,0.0166,3.5602,NONE,0,9.81,0
1.45,-0.0826,1.8911,108.35,0.0805,3.8377,NONE,0,9.81,0
1.5,-0.0763,2.092,119.87,0.1551,4.1047,NONE,0,9.81,0
1.55,-0.0661,2.3057,132.11,0.2355,4.3489,NONE,0,9.81,0
1.6,-0.052,2.5304,144.98,0.3139,4.5524,NONE,0,9.81,0
1.65,-0.0342,2.7634,158.33,0.3795,4.6928,NONE,0,9.81,0
1.7,-0.0139,3.0008,171.93,0.4212,4.7461,NONE,0,9.81,0
1.75,0.0076,-3.0454,-174.49,0.4307,4.6943,NONE,0,9.81,0
1.8,0.0285,-2.8144,-161.25,0.4068,4.5334,NONE,0,9.81,0
1.85,0.0474,-2.5944,-148.65,0.356,4.2758,NONE,0,9.81,0
1.9,0.0665,-2.3875,-136.79,0.3975,4.0137,USER_RIGHT_ACCUM,4.6,9.81,4.5
1.95,0.0878,-2.1954,-125.79,0.4433,3.6967,USER_RIGHT_ACCUM,5.2,9.81,5.25
2,0.1119,-2.0204,-115.76,0.5023,3.3419,USER_RIGHT_ACCUM,5.8,9.81,5.75
2.05,0.1394,-1.864,-106.8,0.5804,2.9623,USER_RIGHT_ACCUM,6.4,9.81,6.5
2.1,0.1716,-1.7271,-98.95,0.6806,2.5669,USER_RIGHT_ACCUM,7,9.81,7
2.15,0.2095,-1.6104,-92.27,0.8035,2.1617,USER_RIGHT_ACCUM,7.6,9.81,7.5
2.2,0.2542,-1.5142,-86.75,0.948,1.7509,USER_RIGHT_ACCUM,8.2,9.81,8.25
2.25,0.3068,-1.4387,-82.43,1.1122,1.3378,USER_RIGHT_ACCUM,8.8,9.81,8.75
2.3,0.3681,-1.3839,-79.29,1.2935,0.9248,USER_RIGHT_ACCUM,9.4,9.81,9.5
2.35,0.439,-1.3499,-77.34,1.4893,0.5141,USER_RIGHT_ACCUM,10,9.81,10
2.4,0.5202,-1.3363,-76.57,1.697,0.1076,USER_RIGHT_ACCUM,10.6,9.81,10.5
2.45,0.612,-1.343,-76.95,1.9141,-0.2927,USER_RIGHT_ACCUM,11.2,9.81,11.25
2.5,0.715,-1.3696,-78.47,2.1382,-0.6844,USER_RIGHT_ACCUM,11.8,9.81,11.75
2.55,0.8294,-1.4155,-81.1,2.367,-1.0648,USER_RIGHT_ACCUM,12.4,9.81,12.5
2.6,0.9465,-1.479,-84.74,2.307,-1.3963,NONE,0,9.81,0
2.65,1.0574,-1.5589,-89.32,2.1395,-1.715,USER_LEFT_ACCUM,-4.6,9.81,-4.5
2.7,1.1593,-1.6547,-94.81,1.9552,-2.0338,USER_LEFT_ACCUM,-5.2,9.81,-5.25
2.75,1.2515,-1.7666,-101.22,1.7532,-2.3542,USER_LEFT_ACCUM,-5.8,9.81,-5.75
2.8,1.333,-1.8946,-108.56,1.5327,-2.6773,USER_LEFT_ACCUM,-6.4,9.81,-6.5
2.85,1.4028,-2.039,-116.83,1.2931,-3.0027,USER_LEFT_ACCUM,-7,9.81,-7
2.9,1.46,-2.1997,-126.04,1.0353,-3.3282,USER_LEFT_ACCUM,-7.6,9.81,-7.5
2.95,1.5037,-2.3767,-136.17,0.7612,-3.6485,USER_LEFT_ACCUM,-8.2,9.81,-8.25
3,1.5334,-2.5692,-147.21,0.4753,-3.9536,USER_LEFT_ACCUM,-8.8,9.81,-8.75
3.05,1.5485,-2.7762,-159.06,0.1846,-4.2279,USER_LEFT_ACCUM,-9.4,9.81,-9.5
3.1,1.5491,-2.9953,-171.62,-0.1014,-4.4499,USER_LEFT_ACCUM,-10,9.81,-10
3.15,1.5358,-3.2234,-184.68,-0.3725,-4.5956,USER_LEFT_ACCUM,-10.6,9.81,-10.5
3.2,1.5096,-3.4558,-198,-0.621,-4.6449,USER_LEFT_ACCUM,-11.2,9.81,-11.25
3.25,1.4716,-3.6875,-211.28,-0.8454,-4.5889,USER_LEFT_ACCUM,-11.8,9.81,-11.75
3.3,1.4229,-3.9134,-224.22,-1.0511,-4.4325,USER_LEFT_ACCUM,-12.4,9.81,-12.5
3.35,1.3641,-4.1288,-236.56,-1.2489,-4.1903,USER_LEFT_ACCUM,-13,9.81,-13
3.4,1.2953,-4.3299,-248.09,-1.4503,-3.8802,USER_LEFT_ACCUM,-13.6,9.81,-13.5
3.45,1.216,-4.514,-258.63,-1.6654,-3.5182,USER_LEFT_ACCUM,-14.2,9.81,-14.25
3.5,1.1252,-4.6786,-268.06,-1.9004,-3.1167,USER_LEFT_ACCUM,-14.8,9.81,-14.75
3.55,1.022,-4.8222,-276.29,-2.1582,-2.6851,USER_LEFT_ACCUM,-15.4,9.81,-15.5
3.6,0.9051,-4.9434,-283.23,-2.4389,-2.231,USER_LEFT_ACCUM,-16,9.81,-16
3.65,0.7734,-5.0412,-288.84,-2.7406,-1.7608,USER_LEFT_ACCUM,-16.6,9.81,-16.5
3.7,0.6261,-5.1152,-293.08,-3.0602,-1.2804,USER_LEFT_ACCUM,-17.2,9.81,-17.25
3.75,0.4866,-5.172,-296.34,-2.5879,-1.0319,USER_RIGHT_ACCUM,17.8,9.81,17.75
3.8,0.3708,-5.2174,-298.93,-2.1159,-0.8173,USER_RIGHT_ACCUM,18.4,9.81,18.5
3.85,0.2788,-5.2529,-300.97,-1.6433,-0.6325,USER_RIGHT_ACCUM,19,9.81,19
3.9,0.2106,-5.2798,-302.51,-1.1692,-0.4733,USER_RIGHT_ACCUM,19.6,9.81,19.5
3.95,0.1662,-5.2995,-303.64,-0.6935,-0.3361,USER_RIGHT_ACCUM,20.2,9.81,20.25
4,0.1458,-5.3128,-304.4,-0.2159,-0.2174,USER_RIGHT_ACCUM,20.8,9.81,20.75
4.05,0.1495,-5.3206,-304.85,0.2636,-0.1139,USER_RIGHT_ACCUM,21.4,9.81,21.5
4.1,0.1773,-5.3235,-305.02,0.7451,-0.0228,USER_RIGHT_ACCUM,22,9.81,22
4.15,0.2293,-5.3222,-304.94,1.2284,0.0586,USER_RIGHT_ACCUM,22.6,9.81,22.5
4.2,0.3057,-5.317,-304.64,1.7135,0.1328,USER_RIGHT_ACCUM,23.2,9.81,23.25
4.25,0.4066,-5.3083,-304.14,2.2003,0.202,USER_RIGHT_ACCUM,23.8,9.81,23.75
4.3,0.5319,-5.2961,-303.44,2.6887,0.2685,USER_RIGHT_ACCUM,24.4,9.81,24.5
4.35,0.6818,-5.2806,-302.56,3.1785,0.3342,USER_RIGHT_ACCUM,25,9.81,25
4.4,0.8564,-5.2618,-301.48,3.6698,0.4014,USER_RIGHT_ACCUM,25.6,9.81,25.5
4.45,1.0196,-5.2253,-299.39,2.9679,0.9398,USER_LEFT_ACCUM,-26.2,9.81,-26.25
4.5,1.1478,-5.1624,-295.78,2.2755,1.4601,USER_LEFT_ACCUM,-26.8,9.81,-26.75
4.55,1.2415,-5.074,-290.72,1.5959,1.9536,USER_LEFT_ACCUM,-27.4,9.81,-27.5
4.6,1.3016,-4.9621,-284.31,0.9325,2.4098,USER_LEFT_ACCUM,-28,9.81,-28
4.65,1.3289,-4.8287,-276.66,0.2875,2.8165,USER_LEFT_ACCUM,-28.6,9.81,-28.5
4.7,1.3244,-4.6767,-267.96,-0.3389,3.1607,USER_LEFT_ACCUM,-29.2,9.81,-29.25
4.75,1.2889,-4.5098,-258.39,-0.9487,3.4281,USER_LEFT_ACCUM,-29.8,9.81,-29.75
4.8,1.2231,-4.3322,-248.22,-1.5473,3.6043,USER_LEFT_ACCUM,-30.4,9.81,-30.5
4.85,1.1273,-4.1489,-237.72,-2.1428,3.6752,USER_LEFT_ACCUM,-31,9.81,-31
4.9,1.0014,-3.9657,-227.22,-2.7445,3.6284,USER_LEFT_ACCUM,-31.6,9.81,-31.5
4.95,0.8449,-3.7886,-217.07,-3.361,3.4559,USER_LEFT_ACCUM,-32.2,9.81,-32.25
5,0.6568,-3.6239,-207.63,-3.9975,3.1581,USER_LEFT_ACCUM,-32.8,9.81,-32.75
5.05,0.436,-3.4777,-199.25,-4.6546,2.7456,USER_LEFT_ACCUM,-33.4,9.81,-33.5
5.1,0.1818,-3.355,-192.23,-5.3288,2.2383,USER_LEFT_ACCUM,-34,9.81,-34
5.15,-0.1067,-3.26,-186.78,-6.0141,1.6606,USER_LEFT_ACCUM,-34.6,9.81,-34.5
5.2,-0.4299,-3.1954,-183.08,-6.7048,1.037,USER_LEFT_ACCUM,-35.2,9.81,-35.25
5.25,-0.7877,-3.1629,-181.22,-7.3968,0.3884,USER_LEFT_ACCUM,-35.8,9.81,-35.75
5.3,-1.1803,-3.1633,-181.24,-8.0875,-0.2687,USER_LEFT_ACCUM,-36.4,9.81,-36.5
5.35,-1.6075,-3.1965,-183.15,-8.7755,-0.9202,USER_LEFT_ACCUM,-37,9.81,-37
5.4,-2.0692,-3.2619,-186.89,-9.4592,-1.5521,USER_LEFT_ACCUM,-37.6,9.81,-37.5
5.45,-2.565,-3.3579,-192.39,-10.1358,-2.1484,USER_LEFT_ACCUM,-38.2,9.81,-38.25
5.5,-3.0664,-3.4616,-198.34,-9.8731,-2.0087,NONE,0,9.81,0
5.55,-3.1225,-3.5549,-203.68,0.1007,-1.7555,USER_RIGHT_ACCUM,4.6,9.81,4.5
5.6,-3.1132,-3.6345,-208.24,0.2397,-1.4694,USER_RIGHT_ACCUM,5.2,9.81,5.25
5.65,-3.0966,-3.6989,-211.93,0.3894,-1.1587,USER_RIGHT_ACCUM,5.8,9.81,5.75
5.7,-3.0722,-3.7472,-214.7,0.5486,-0.8308,USER_RIGHT_ACCUM,6.4,9.81,6.5
5.75,-3.0396,-3.7787,-216.5,0.7168,-0.4919,USER_RIGHT_ACCUM,7,9.81,7
5.8,-2.9982,-3.793,-217.32,0.8939,-0.1467,USER_RIGHT_ACCUM,7.6,9.81,7.5
5.85,-2.9476,-3.7898,-217.14,1.0803,0.201,USER_RIGHT_ACCUM,8.2,9.81,8.25
5.9,-2.8874,-3.7692,-215.96,1.2764,0.5481,USER_RIGHT_ACCUM,8.8,9.81,8.75
5.95,-2.817,-3.7313,-213.79,1.4828,0.8918,USER_RIGHT_ACCUM,9.4,9.81,9.5
6,-2.7359,-3.6763,-210.63,1.6999,1.2294,USER_RIGHT_ACCUM,10,9.81,10
6.05,-2.6436,-3.6046,-206.53,1.9274,1.5577,USER_RIGHT_ACCUM,10.6,9.81,10.5
6.1,-2.5396,-3.5168,-201.5,2.1649,1.8723,USER_RIGHT_ACCUM,11.2,9.81,11.25
6.15,-2.4234,-3.4137,-195.59,2.4109,2.1679,USER_RIGHT_ACCUM,11.8,9.81,11.75
6.2,-2.2946,-3.2967,-188.89,2.6634,2.4371,USER_RIGHT_ACCUM,12.4,9.81,12.5
6.25,-2.153,-3.1671,-181.46,2.9194,2.6713,USER_RIGHT_ACCUM,13,9.81,13
6.3,-1.9986,-3.0271,-173.44,3.1757,2.8608,USER_RIGHT_ACCUM,13.6,9.81,13.5
6.35,-1.8313,-2.8793,-164.97,3.4293,2.9961,USER_RIGHT_ACCUM,14.2,9.81,14.25
6.4,-1.6515,-2.7265,-156.22,3.6781,3.0697,USER_RIGHT_ACCUM,14.8,9.81,14.75
6.45,-1.4593,-2.572,-147.37,3.9218,3.0773,USER_RIGHT_ACCUM,15.4,9.81,15.5
6.5,-1.2549,-2.4192,-138.61,4.1617,3.0186,USER_RIGHT_ACCUM,16,9.81,16
6.55,-1.0386,-2.2712,-130.13,4.4011,2.8968,USER_RIGHT_ACCUM,16.6,9.81,16.5
6.6,-0.8101,-2.131,-122.1,4.6436,2.718,USER_RIGHT_ACCUM,17.2,9.81,17.25
6.65,-0.5692,-2.0014,-114.67,4.8932,2.489,USER_RIGHT_ACCUM,17.8,9.81,17.75
6.7,-0.3155,-1.8845,-107.98,5.153,2.2173,USER_RIGHT_ACCUM,18.4,9.81,18.5
6.75,-0.0742,-1.7884,-102.47,4.5701,1.7123,USER_LEFT_ACCUM,-19,9.81,-19
6.8,0.1382,-1.7166,-98.35,3.9996,1.242,USER_LEFT_ACCUM,-19.6,9.81,-19.5
6.85,0.3221,-1.6675,-95.54,3.4379,0.8023,USER_LEFT_ACCUM,-20.2,9.81,-20.25
6.9,0.4781,-1.6397,-93.95,2.8818,0.3877,USER_LEFT_ACCUM,-20.8,9.81,-20.75
6.95,0.6061,-1.6322,-93.52,2.3286,-0.0083,USER_LEFT_ACCUM,-21.4,9.81,-21.5
7,0.7064,-1.6442,-94.21,1.7761,-0.3926,USER_LEFT_ACCUM,-22,9.81,-22
7.05,0.7789,-1.6754,-96,1.2222,-0.7724,USER_LEFT_ACCUM,-22.6,9.81,-22.5
7.1,0.8235,-1.7258,-98.88,0.6648,-1.155,USER_LEFT_ACCUM,-23.2,9.81,-23.25
7.15,0.8399,-1.7958,-102.89,0.1019,-1.5477,USER_LEFT_ACCUM,-23.8,9.81,-23.75
7.2,0.8278,-1.8859,-108.06,-0.4688,-1.9577,USER_LEFT_ACCUM,-24.4,9.81,-24.5
7.25,0.7867,-1.9974,-114.44,-1.05,-2.3916,USER_LEFT_ACCUM,-25,9.81,-25
7.3,0.716,-2.1316,-122.13,-1.644,-2.8547,USER_LEFT_ACCUM,-25.6,9.81,-25.5
7.35,0.615,-2.29,-131.21,-2.2527,-3.35,USER_LEFT_ACCUM,-26.2,9.81,-26.25
7.4,0.483,-2.4742,-141.76,-2.8762,-3.8753,USER_LEFT_ACCUM,-26.8,9.81,-26.75
7.45,0.3193,-2.6854,-153.86,-3.5107,-4.4194,USER_LEFT_ACCUM,-27.4,9.81,-27.5
7.5,0.1238,-2.9237,-167.51,-4.1458,-4.9558,USER_LEFT_ACCUM,-28,9.81,-28
7.55,-0.1032,-3.1873,-182.62,-4.7629,-5.4385,USER_LEFT_ACCUM,-28.6,9.81,-28.5
7.6,-0.36,-3.4717,-198.92,-5.338,-5.8066,USER_LEFT_ACCUM,-29.2,9.81,-29.25
7.65,-0.6438,-3.7695,-215.98,-5.8521,-6.0039,USER_LEFT_ACCUM,-29.8,9.81,-29.75
7.7,-0.9086,-4.0452,-231.77,-4.8902,-5.1465,USER_RIGHT_ACCUM,30.4,9.81,30.5
7.75,-1.126,-4.2799,-245.22,-3.9557,-4.3569,USER_RIGHT_ACCUM,31,9.81,31
7.8,-1.2976,-4.478,-256.57,-3.0605,-3.6694,USER_RIGHT_ACCUM,31.6,9.81,31.5
7.85,-1.4254,-4.6448,-266.13,-2.202,-3.0897,USER_RIGHT_ACCUM,32.2,9.81,32.25
7.9,-1.5109,-4.7857,-274.2,-1.3731,-2.6125,USER_RIGHT_ACCUM,32.8,9.81,32.75
7.95,-1.5555,-4.9053,-281.05,-0.5664,-2.2288,USER_RIGHT_ACCUM,33.4,9.81,33.5
8,-1.56,-5.0083,-286.95,0.2241,-1.9296,USER_RIGHT_ACCUM,34,9.81,34
8.05,-1.5251,-5.0985,-292.12,1.0031,-1.7068,USER_RIGHT_ACCUM,34.6,9.81,34.5
8.1,-1.4514,-5.1796,-296.77,1.7737,-1.5535,USER_RIGHT_ACCUM,35.2,9.81,35.25
8.15,-1.3391,-5.255,-301.09,2.5385,-1.4647,USER_RIGHT_ACCUM,35.8,9.81,35.75
8.2,-1.1886,-5.3278,-305.26,3.2991,-1.4371,USER_RIGHT_ACCUM,36.4,9.81,36.5
8.25,-0.9998,-5.401,-309.45,4.0571,-1.4691,USER_RIGHT_ACCUM,37,9.81,37
8.3,-0.7731,-5.4776,-313.84,4.8138,-1.5614,USER_RIGHT_ACCUM,37.6,9.81,37.5
8.35,-0.5083,-5.5607,-318.61,5.5706,-1.7165,USER_RIGHT_ACCUM,38.2,9.81,38.25
8.4,-0.2054,-5.6537,-323.93,6.3291,-1.9387,USER_RIGHT_ACCUM,38.8,9.81,38.75
8.45,0.1356,-5.7601,-330.03,7.091,-2.2343,USER_RIGHT_ACCUM,39.4,9.81,39.5
8.5,0.5152,-5.8837,-337.11,7.8577,-2.6101,USER_RIGHT_ACCUM,40,9.81,40
8.55,0.9334,-6.0288,-345.43,8.63,-3.0725,USER_RIGHT_ACCUM,40.6,9.81,40.5
8.6,1.3905,-6.1999,-355.23,9.4063,-3.6238,USER_RIGHT_ACCUM,41.2,9.81,41.25
8.65,1.8866,-6.4011,-366.76,10.1804,-4.2565,USER_RIGHT_ACCUM,41.8,9.81,41.75
8.7,2.4211,-6.6359,-380.21,10.9386,-4.9462,USER_RIGHT_ACCUM,42.4,9.81,42.5
8.75,2.9308,-6.8622,-393.17,9.6194,-4.211,USER_LEFT_ACCUM,-43,9.81,-43
8.8,3.1186,-7.0567,-404.32,-0.4218,-3.6459,USER_LEFT_ACCUM,-43.6,9.81,-43.5
8.85,3.066,-7.2278,-414.12,-1.4591,-3.2466,USER_LEFT_ACCUM,-44.2,9.81,-44.25
8.9,2.9621,-7.3834,-423.04,-2.4708,-2.9993,USER_LEFT_ACCUM,-44.8,9.81,-44.75
8.95,2.8079,-7.5308,-431.49,-3.4624,-2.8901,USER_LEFT_ACCUM,-45.4,9.81,-45.5
9,2.6044,-7.6767,-439.84,-4.4396,-2.9091,USER_LEFT_ACCUM,-46,9.81,-46
9.05,2.352,-7.8271,-448.46,-5.4084,-3.0511,USER_LEFT_ACCUM,-46.6,9.81,-46.5
9.1,2.051,-7.9885,-457.7,-6.3751,-3.3156,USER_LEFT_ACCUM,-47.2,9.81,-47.25
9.15,1.7013,-8.1669,-467.93,-7.3468,-3.7063,USER_LEFT_ACCUM,-47.8,9.81,-47.75
9.2,1.3024,-8.3689,-479.5,-8.3312,-4.2286,USER_LEFT_ACCUM,-48.4,9.81,-48.5
9.25,0.8873,-8.5888,-492.1,-8.2136,-4.472,NONE,0,9.81,0
9.3,0.4781,-8.8196,-505.33,-8.0983,-4.6745,NONE,0,9.81,0
9.35,0.0749,-9.0586,-519.02,-7.9738,-4.8118,NONE,0,9.81,0
9.4,-0.3214,-9.3018,-532.96,-7.8279,-4.8585,NONE,0,9.81,0
9.45,-0.7094,-3.2609,-186.84,-7.6522,-4.7961,NONE,0,9.81,0
9.5,-1.0877,-3.4966,-200.34,-7.4458,-4.6216,NONE,0,9.81,0
9.55,-1.4549,-3.7206,-213.18,-7.2164,-4.3495,NONE,0,9.81,0
9.6,-1.807,-3.9267,-224.98,-6.8687,-3.9374,USER_RIGHT_ACCUM,4.6,9.81,4.5
9.65,-2.1414,-4.1109,-235.54,-6.5149,-3.4863,USER_RIGHT_ACCUM,5.2,9.81,5.25
9.7,-2.4581,-4.272,-244.77,-6.1641,-3.0207,USER_RIGHT_ACCUM,5.8,9.81,5.75
9.75,-2.7574,-4.4098,-252.66,-5.8205,-2.5571,USER_RIGHT_ACCUM,6.4,9.81,6.5
9.8,-3.0397,-4.5246,-259.24,-5.4851,-2.1051,USER_RIGHT_ACCUM,7,9.81,7
9.85,-3.1227,-4.6172,-264.55,0.1155,-1.6699,USER_RIGHT_ACCUM,7.6,9.81,7.5
9.9,-3.111,-4.6885,-268.63,0.3096,-1.2538,USER_RIGHT_ACCUM,8.2,9.81,8.25
9.95,-3.0895,-4.7395,-271.55,0.5052,-0.8568,USER_RIGHT_ACCUM,8.8,9.81,8.75
10,-3.0581,-4.7711,-273.36,0.7045,-0.4777,USER_RIGHT_ACCUM,9.4,9.81,9.5
10.05,-3.0164,-4.7841,-274.11,0.9096,-0.1139,USER_RIGHT_ACCUM,10,9.81,10
10.1,-2.9643,-4.7792,-273.83,1.1222,0.2378,USER_RIGHT_ACCUM,10.6,9.81,10.5
10.15,-2.9012,-4.7568,-272.55,1.3437,0.581,USER_RIGHT_ACCUM,11.2,9.81,11.25
10.2,-2.8267,-4.7174,-270.29,1.5756,0.9198,USER_RIGHT_ACCUM,11.8,9.81,11.75
10.25,-2.7402,-4.6609,-267.05,1.8191,1.2584,USER_RIGHT_ACCUM,12.4,9.81,12.5
10.3,-2.641,-4.5873,-262.84,2.0756,1.6008,USER_RIGHT_ACCUM,13,9.81,13
10.35,-2.5285,-4.4963,-257.62,2.3467,1.9509,USER_RIGHT_ACCUM,13.6,9.81,13.5
10.4,-2.4019,-4.3874,-251.38,2.6338,2.3121,USER_RIGHT_ACCUM,14.2,9.81,14.25
10.45,-2.2604,-4.2598,-244.07,2.9383,2.6868,USER_RIGHT_ACCUM,14.8,9.81,14.75
10.5,-2.103,-4.1131,-235.66,3.2611,3.0759,USER_RIGHT_ACCUM,15.4,9.81,15.5
10.55,-1.9289,-3.9464,-226.11,3.6019,3.4773,USER_RIGHT_ACCUM,16,9.81,16
10.6,-1.7371,-3.7593,-215.39,3.9582,3.8841,USER_RIGHT_ACCUM,16.6,9.81,16.5
10.65,-1.5272,-3.5522,-203.52,4.3244,4.2816,USER_RIGHT_ACCUM,17.2,9.81,17.25
10.7,-1.2989,-3.326,-190.57,4.6901,4.6454,USER_RIGHT_ACCUM,17.8,9.81,17.75
10.75,-1.0526,-3.0836,-176.68,5.0413,4.9414,USER_RIGHT_ACCUM,18.4,9.81,18.5
10.8,-0.7895,-2.8295,-162.12,5.3639,5.1331,USER_RIGHT_ACCUM,19,9.81,19
10.85,-0.5113,-2.5697,-147.24,5.6496,5.1934,USER_RIGHT_ACCUM,19.6,9.81,19.5
10.9,-0.2198,-2.3111,-132.42,5.9013,5.1157,USER_RIGHT_ACCUM,20.2,9.81,20.25
10.95,0.0837,-2.0602,-118.04,6.1325,4.9124,USER_RIGHT_ACCUM,20.8,9.81,20.75
11,0.3988,-1.8227,-104.43,6.3613,4.6051,USER_RIGHT_ACCUM,21.4,9.81,21.5
11.05,0.7257,-1.6031,-91.85,6.6043,4.2151,USER_RIGHT_ACCUM,22,9.81,22
11.1,1.0657,-1.4051,-80.5,6.873,3.759,USER_RIGHT_ACCUM,22.6,9.81,22.5
11.15,1.42,-1.2315,-70.56,7.1727,3.2504,USER_RIGHT_ACCUM,23.2,9.81,23.25
11.2,1.7742,-1.0807,-61.92,6.965,2.8357,NONE,0,9.81,0
11.25,2.1185,-0.9499,-54.42,6.7777,2.4511,NONE,0,9.81,0
11.3,2.4506,-0.836,-47.9,6.5002,2.1435,USER_LEFT_ACCUM,-4.6,9.81,-4.5
11.35,2.7688,-0.7362,-42.18,6.2219,1.8806,USER_LEFT_ACCUM,-5.2,9.81,-5.25
11.4,3.073,-0.6483,-37.15,5.94,1.6618,USER_LEFT_ACCUM,-5.8,9.81,-5.75
11.45,3.1222,-0.5702,-32.67,-0.1124,1.4858,USER_LEFT_ACCUM,-6.4,9.81,-6.5
11.5,3.1119,-0.4996,-28.62,-0.2638,1.3507,USER_LEFT_ACCUM,-7,9.81,-7
11.55,3.0938,-0.4346,-24.9,-0.4261,1.2548,USER_LEFT_ACCUM,-7.6,9.81,-7.5
11.6,3.0671,-0.3733,-21.39,-0.5998,1.1965,USER_LEFT_ACCUM,-8.2,9.81,-8.25
11.65,3.0377,-0.3183,-18.24,-0.5753,1.028,NONE,0,9.81,0
11.7,3.0095,-0.271,-15.53,-0.552,0.8827,NONE,0,9.81,0
11.75,2.9824,-0.2304,-13.2,-0.5302,0.7579,NONE,0,9.81,0
11.8,2.9564,-0.1956,-11.21,-0.5098,0.6511,NONE,0,9.81,0
11.85,2.9313,-0.1656,-9.49,-0.4908,0.5598,NONE,0,9.81,0
11.9,2.9072,-0.1398,-8.01,-0.4731,0.4822,NONE,0,9.81,0
11.95,2.8839,-0.1176,-6.74,-0.4567,0.4162,NONE,0,9.81,0
12,2.8614,-0.0984,-5.64,-0.4413,0.3604,NONE,0,9.81,0
12.05,2.8397,-0.0817,-4.68,-0.427,0.3133,NONE,0,9.81,0
12.1,2.8187,-0.0671,-3.85,-0.4136,0.2739,NONE,0,9.81,0
12.15,2.7982,-0.0544,-3.12,-0.401,0.241,NONE,0,9.81,0
12.2,2.7751,-0.0406,-2.32,-0.4997,0.2967,USER_LEFT_ACCUM,-4.6,9.81,-4.5
12.25,2.7466,-0.0235,-1.35,-0.6108,0.3672,USER_LEFT_ACCUM,-5.2,9.81,-5.25
12.3,2.7122,-0.0025,-0.14,-0.7343,0.4535,USER_LEFT_ACCUM,-5.8,9.81,-5.75
12.35,2.6759,0.0199,1.14,-0.716,0.4413,NONE,0,9.81,0
12.4,2.6404,0.042,2.41,-0.699,0.4381,NONE,0,9.81,0
12.45,2.6058,0.0642,3.68,-0.6831,0.4436,NONE,0,9.81,0
12.5,2.5719,0.0869,4.98,-0.6684,0.4575,NONE,0,9.81,0
12.55,2.5387,0.1106,6.34,-0.6548,0.4798,NONE,0,9.81,0
12.6,2.5095,0.1331,7.63,-0.532,0.4284,USER_RIGHT_ACCUM,4.6,9.81,4.5
12.65,2.4868,0.1531,8.77,-0.3986,0.3766,USER_RIGHT_ACCUM,5.2,9.81,5.25
12.7,2.4711,0.1704,9.76,-0.2548,0.3233,USER_RIGHT_ACCUM,5.8,9.81,5.75
12.75,2.463,0.185,10.6,-0.1009,0.2676,USER_RIGHT_ACCUM,6.4,9.81,6.5
12.8,2.4629,0.1966,11.27,0.0631,0.2086,USER_RIGHT_ACCUM,7,9.81,7
12.85,2.4713,0.2052,11.76,0.2369,0.1453,USER_RIGHT_ACCUM,7.6,9.81,7.5
12.9,2.4888,0.2104,12.06,0.4204,0.0764,USER_RIGHT_ACCUM,8.2,9.81,8.25
12.95,2.5157,0.212,12.15,0.6136,0.0009,USER_RIGHT_ACCUM,8.8,9.81,8.75
13,2.5527,0.2095,12,0.8163,-0.0826,USER_RIGHT_ACCUM,9.4,9.81,9.5
13.05,2.6001,0.2025,11.6,1.0284,-0.1757,USER_RIGHT_ACCUM,10,9.81,10
13.1,2.6585,0.1905,10.92,1.25,-0.2799,USER_RIGHT_ACCUM,10.6,9.81,10.5
13.15,2.7283,0.1729,9.91,1.481,-0.3972,USER_RIGHT_ACCUM,11.2,9.81,11.25
13.2,2.81,0.149,8.53,1.7214,-0.5298,USER_RIGHT_ACCUM,11.8,9.81,11.75
13.25,2.8951,0.1245,7.13,1.6738,-0.4592,NONE,0,9.81,0
13.3,2.9778,0.1032,5.91,1.6282,-0.3996,NONE,0,9.81,0
13.35,3.0583,0.0846,4.85,1.5843,-0.3498,NONE,0,9.81,0
13.4,3.125,0.0683,3.91,0,-0.3083,NONE,0,9.81,0
13.45,3.1249,0.0538,3.09,-0.0024,-0.2742,NONE,0,9.81,0
13.5,3.1248,0.0409,2.34,-0.0042,-0.2465,NONE,0,9.81,0
13.55,3.1245,0.0292,1.67,-0.0055,-0.2245,NONE,0,9.81,0
13.6,3.1242,0.0184,1.06,-0.0064,-0.2076,NONE,0,9.81,0
13.65,3.1239,0.0084,0.48,-0.0069,-0.1953,NONE,0,9.81,0
13.7,3.1202,0.0013,0.07,-0.1176,-0.1043,USER_LEFT_ACCUM,-4.6,9.81,-4.5
13.75,3.1106,-0.001,-0.06,-0.2396,-0.0075,USER_LEFT_ACCUM,-5.2,9.81,-5.25
13.8,3.0945,0.0018,0.1,-0.373,0.0968,USER_LEFT_ACCUM,-5.8,9.81,-5.75
13.85,3.076,0.0066,0.38,-0.3638,0.0951,NONE,0,9.81,0
13.9,3.058,0.0114,0.65,-0.3551,0.0953,NONE,0,9.81,0
13.95,3.0404,0.0162,0.93,-0.3467,0.0974,NONE,0,9.81,0
14,3.0232,0.0212,1.22,-0.3387,0.1013,NONE,0,9.81,0
14.05,3.0064,0.0265,1.52,-0.331,0.107,NONE,0,9.81,0
14.1,2.99,0.0321,1.84,-0.3238,0.1147,NONE,0,9.81,0
14.15,2.974,0.0382,2.19,-0.3169,0.1243,NONE,0,9.81,0
14.2,2.9582,0.0448,2.56,-0.3104,0.1361,NONE,0,9.81,0
14.25,2.9428,0.052,2.98,-0.3043,0.1501,NONE,0,9.81,0
14.3,2.9277,0.0601,3.44,-0.2986,0.1666,NONE,0,9.81,0
14.35,2.9129,0.069,3.95,-0.2933,0.1858,NONE,0,9.81,0
14.4,2.9016,0.0765,4.38,-0.178,0.1254,USER_RIGHT_ACCUM,4.6,9.81,4.5
14.45,2.8965,0.0808,4.63,-0.0514,0.0586,USER_RIGHT_ACCUM,5.2,9.81,5.25
14.5,2.8981,0.0815,4.67,0.0863,-0.0156,USER_RIGHT_ACCUM,5.8,9.81,5.75
14.55,2.9069,0.0782,4.48,0.235,-0.0985,USER_RIGHT_ACCUM,6.4,9.81,6.5
14.6,2.9185,0.0743,4.25,0.2265,-0.0657,NONE,0,9.81,0
14.65,2.9296,0.0719,4.12,0.2182,-0.0352,NONE,0,9.81,0
14.7,2.9403,0.071,4.07,0.2103,-0.0064,NONE,0,9.81,0
14.75,2.9507,0.0715,4.1,0.2026,0.0213,NONE,0,9.81,0
14.8,2.9573,0.0759,4.35,0.0846,0.1312,USER_LEFT_ACCUM,-4.6,9.81,-4.5
14.85,2.9576,0.0861,4.93,-0.0451,0.2508,USER_LEFT_ACCUM,-5.2,9.81,-5.25
14.9,2.9553,0.0995,5.7,-0.0469,0.278,NONE,0,9.81,0
14.95,2.9529,0.1145,6.56,-0.0492,0.3097,NONE,0,9.81,0
15,2.9503,0.1311,7.51,-0.052,0.3464,NONE,0,9.81,0
15.05,2.9476,0.1498,8.58,-0.0552,0.3886,NONE,0,9.81,0
15.1,2.9447,0.1708,9.79,-0.0589,0.4368,NONE,0,9.81,0
15.15,2.9416,0.1944,11.14,-0.0632,0.4918,NONE,0,9.81,0
15.2,2.9383,0.221,12.66,-0.068,0.5544,NONE,0,9.81,0
15.25,2.938,0.2486,14.24,0.0366,0.5448,USER_RIGHT_ACCUM,4.6,9.81,4.5
15.3,2.9434,0.2757,15.8,0.152,0.5359,USER_RIGHT_ACCUM,5.2,9.81,5.25
15.35,2.9548,0.3024,17.33,0.278,0.5277,USER_RIGHT_ACCUM,5.8,9.81,5.75
15.4,2.9729,0.3287,18.83,0.4143,0.52,USER_RIGHT_ACCUM,6.4,9.81,6.5
15.45,2.9982,0.3546,20.32,0.5606,0.5129,USER_RIGHT_ACCUM,7,9.81,7
15.5,3.031,0.3802,21.78,0.7168,0.5065,USER_RIGHT_ACCUM,7.6,9.81,7.5
15.55,3.0721,0.4054,23.23,0.8825,0.5007,USER_RIGHT_ACCUM,8.2,9.81,8.25
15.6,3.1217,0.4304,24.66,1.0575,0.4955,USER_RIGHT_ACCUM,8.8,9.81,8.75
15.65,3.125,0.4552,26.08,0,0.4912,USER_RIGHT_ACCUM,9.4,9.81,9.5
15.7,3.125,0.4798,27.49,0,0.4877,USER_RIGHT_ACCUM,10,9.81,10
15.75,3.125,0.5042,28.89,0,0.4852,USER_RIGHT_ACCUM,10.6,9.81,10.5
15.8,3.125,0.5286,30.28,0,0.4838,USER_RIGHT_ACCUM,11.2,9.81,11.25
15.85,3.125,0.5529,31.68,0,0.4838,USER_RIGHT_ACCUM,11.8,9.81,11.75
15.9,3.1246,0.5829,33.4,-0.0147,0.6715,NONE,0,9.81,0
15.95,3.1234,0.6224,35.66,-0.0288,0.8634,NONE,0,9.81,0
16,3.1183,0.6738,38.61,-0.1497,1.1274,USER_LEFT_ACCUM,-4.6,9.81,-4.5
16.05,3.1068,0.7388,42.33,-0.2797,1.404,USER_LEFT_ACCUM,-5.2,9.81,-5.25
16.1,3.0886,0.8181,46.88,-0.4174,1.6935,USER_LEFT_ACCUM,-5.8,9.81,-5.75
16.15,3.0632,0.9124,52.28,-0.5609,1.9949,USER_LEFT_ACCUM,-6.4,9.81,-6.5
16.2,3.0306,1.022,58.56,-0.7079,2.306,USER_LEFT_ACCUM,-7,9.81,-7
16.25,2.9905,1.1475,65.75,-0.8555,2.6227,USER_LEFT_ACCUM,-7.6,9.81,-7.5
16.3,2.9431,1.2889,73.85,-1.0013,2.9397,USER_LEFT_ACCUM,-8.2,9.81,-8.25
16.35,2.8885,1.446,82.85,-1.1428,3.2497,USER_LEFT_ACCUM,-8.8,9.81,-8.75
16.4,2.8269,1.6182,92.72,-1.2787,3.5442,USER_LEFT_ACCUM,-9.4,9.81,-9.5
16.45,2.7586,1.8044,103.39,-1.4097,3.8126,USER_LEFT_ACCUM,-10,9.81,-10
16.5,2.6839,2.003,114.76,-1.5389,4.0423,USER_LEFT_ACCUM,-10.6,9.81,-10.5
16.55,2.6025,2.2114,126.7,-1.6723,4.2175,USER_LEFT_ACCUM,-11.2,9.81,-11.25
16.6,2.514,2.4264,139.02,-1.8187,4.3194,USER_LEFT_ACCUM,-11.8,9.81,-11.75
16.65,2.4175,2.6437,151.48,-1.9885,4.3285,USER_LEFT_ACCUM,-12.4,9.81,-12.5
16.7,2.3114,2.8582,163.77,-2.1904,4.229,USER_LEFT_ACCUM,-13,9.81,-13
16.75,2.1942,3.0643,175.57,-2.4287,4.015,USER_LEFT_ACCUM,-13.6,9.81,-13.5
16.8,2.0639,-3.0268,-173.42,-2.7013,3.6948,USER_LEFT_ACCUM,-14.2,9.81,-14.25
16.85,1.9191,-2.8534,-163.49,-3.0006,3.289,USER_LEFT_ACCUM,-14.8,9.81,-14.75
16.9,1.7587,-2.7022,-154.83,-3.3168,2.8239,USER_LEFT_ACCUM,-15.4,9.81,-15.5
16.95,1.5822,-2.5755,-147.56,-3.6415,2.3237,USER_LEFT_ACCUM,-16,9.81,-16
17,1.3893,-2.4743,-141.77,-3.969,1.8075,USER_LEFT_ACCUM,-16.6,9.81,-16.5
17.05,1.1799,-2.3993,-137.47,-4.2969,1.2874,USER_LEFT_ACCUM,-17.2,9.81,-17.25
17.1,0.954,-2.3502,-134.66,-4.6252,0.7704,USER_LEFT_ACCUM,-17.8,9.81,-17.75
17.15,0.7116,-2.327,-133.33,-4.9552,0.2592,USER_LEFT_ACCUM,-18.4,9.81,-18.5
17.2,0.4525,-2.3292,-133.45,-5.2891,-0.2458,USER_LEFT_ACCUM,-19,9.81,-19
17.25,0.1764,-2.3567,-135.03,-5.6293,-0.7458,USER_LEFT_ACCUM,-19.6,9.81,-19.5
17.3,-0.117,-2.4092,-138.04,-5.9783,-1.2426,USER_LEFT_ACCUM,-20.2,9.81,-20.25
17.35,-0.4283,-2.4866,-142.47,-6.3378,-1.7371,USER_LEFT_ACCUM,-20.8,9.81,-20.75
17.4,-0.758,-2.5887,-148.32,-6.7089,-2.2289,USER_LEFT_ACCUM,-21.4,9.81,-21.5
17.45,-1.1066,-2.7154,-155.58,-7.091,-2.7139,USER_LEFT_ACCUM,-22,9.81,-22
17.5,-1.4747,-2.866,-164.21,-7.4815,-3.1831,USER_LEFT_ACCUM,-22.6,9.81,-22.5
17.55,-1.8626,-3.0391,-174.13,-7.8747,-3.6203,USER_LEFT_ACCUM,-23.2,9.81,-23.25
17.6,-2.27,-3.2326,-185.21,-8.2618,-4.002,USER_LEFT_ACCUM,-23.8,9.81,-23.75
17.65,-2.6964,-3.4427,-197.25,-8.6326,-4.2997,USER_LEFT_ACCUM,-24.4,9.81,-24.5
17.7,-3.125,-3.6644,-209.96,0,-4.4867,USER_LEFT_ACCUM,-25,9.81,-25
17.75,-3.125,-3.8917,-222.98,0,-4.5463,USER_LEFT_ACCUM,-25.6,9.81,-25.5
17.8,-3.1226,-4.108,-235.37,0.078,-4.144,NONE,0,9.81,0
17.85,-3.1164,-4.3031,-246.55,0.1512,-3.7112,NONE,0,9.81,0
17.9,-3.1069,-4.4762,-256.46,0.2115,-3.2677,NONE,0,9.81,0
17.95,-3.0949,-4.627,-265.11,0.2555,-2.8259,NONE,0,9.81,0
18,-3.0812,-4.7559,-272.49,0.2834,-2.3927,NONE,0,9.81,0
18.05,-3.0634,-4.8635,-278.66,0.4002,-1.9754,USER_RIGHT_ACCUM,4.6,9.81,4.5
18.1,-3.0397,-4.9509,-283.66,0.5166,-1.5825,USER_RIGHT_ACCUM,5.2,9.81,5.25
18.15,-3.0102,-5.0193,-287.58,0.6356,-1.2146,USER_RIGHT_ACCUM,5.8,9.81,5.75
18.2,-2.9745,-5.0699,-290.48,0.7596,-0.8707,USER_RIGHT_ACCUM,6.4,9.81,6.5
18.25,-2.9323,-5.1039,-292.43,0.8903,-0.5489,USER_RIGHT_ACCUM,7,9.81,7
18.3,-2.8834,-5.1224,-293.49,1.0291,-0.2464,USER_RIGHT_ACCUM,7.6,9.81,7.5
18.35,-2.8272,-5.1261,-293.7,1.1772,0.0402,USER_RIGHT_ACCUM,8.2,9.81,8.25
18.4,-2.7632,-5.1158,-293.11,1.3351,0.3146,USER_RIGHT_ACCUM,8.8,9.81,8.75
18.45,-2.6911,-5.0919,-291.74,1.5035,0.5808,USER_RIGHT_ACCUM,9.4,9.81,9.5
18.5,-2.6101,-5.0548,-289.62,1.6829,0.8429,USER_RIGHT_ACCUM,10,9.81,10
18.55,-2.5198,-5.0045,-286.74,1.8737,1.1048,USER_RIGHT_ACCUM,10.6,9.81,10.5
18.6,-2.4195,-4.9409,-283.09,2.0767,1.3707,USER_RIGHT_ACCUM,11.2,9.81,11.25
18.65,-2.3086,-4.8638,-278.67,2.2928,1.6443,USER_RIGHT_ACCUM,11.8,9.81,11.75
18.7,-2.1864,-4.7725,-273.45,2.5229,1.9294,USER_RIGHT_ACCUM,12.4,9.81,12.5
18.75,-2.0523,-4.6665,-267.37,2.7685,2.2295,USER_RIGHT_ACCUM,13,9.81,13
18.8,-1.9052,-4.5448,-260.4,3.0309,2.5477,USER_RIGHT_ACCUM,13.6,9.81,13.5
18.85,-1.7445,-4.4066,-252.48,3.3117,2.8864,USER_RIGHT_ACCUM,14.2,9.81,14.25
18.9,-1.569,-4.2506,-243.54,3.6122,3.2469,USER_RIGHT_ACCUM,14.8,9.81,14.75
18.95,-1.3778,-4.076,-233.53,3.9327,3.628,USER_RIGHT_ACCUM,15.4,9.81,15.5
19,-1.17,-3.8817,-222.4,4.2715,4.024,USER_RIGHT_ACCUM,16,9.81,16
19.05,-0.9447,-3.6674,-210.13,4.6238,4.4225,USER_RIGHT_ACCUM,16.6,9.81,16.5
19.1,-0.7016,-3.4338,-196.74,4.9798,4.8001,USER_RIGHT_ACCUM,17.2,9.81,17.25
19.15,-0.441,-3.1829,-182.36,5.3248,5.122,USER_RIGHT_ACCUM,17.8,9.81,17.75
19.2,-0.1638,-2.9187,-167.23,5.6419,5.3465,USER_RIGHT_ACCUM,18.4,9.81,18.5
19.25,0.1281,-2.6472,-151.67,5.9188,5.4388,USER_RIGHT_ACCUM,19,9.81,19
19.3,0.4327,-2.3755,-136.11,6.1553,5.385,USER_RIGHT_ACCUM,19.6,9.81,19.5
19.35,0.7483,-2.1107,-120.93,6.364,5.1957,USER_RIGHT_ACCUM,20.2,9.81,20.25
19.4,1.0741,-1.8587,-106.5,6.5652,4.8945,USER_RIGHT_ACCUM,20.8,9.81,20.75
19.45,1.4104,-1.6245,-93.08,6.7785,4.506,USER_RIGHT_ACCUM,21.4,9.81,21.5
19.5,1.7582,-1.4119,-80.9,7.0181,4.049,USER_RIGHT_ACCUM,22,9.81,22
19.55,2.1191,-1.2239,-70.13,7.2909,3.5379,USER_RIGHT_ACCUM,22.6,9.81,22.5
19.6,2.4947,-1.0628,-60.9,7.5978,2.9853,USER_RIGHT_ACCUM,23.2,9.81,23.25
19.65,2.8866,-0.9304,-53.31,7.9354,2.403,USER_RIGHT_ACCUM,23.8,9.81,23.75
19.7,3.125,-0.8202,-46.99,-0.0001,2.0541,NONE,0,9.81,0
19.75,3.125,-0.7266,-41.63,0,1.736,NONE,0,9.81,0
19.8,3.125,-0.6481,-37.13,0,1.4473,NONE,0,9.81,0
19.85,3.125,-0.5833,-33.42,0,1.1859,NONE,0,9.81,0
19.9,3.125,-0.5308,-30.41,0,0.9489,NONE,0,9.81,0
19.95,3.125,-0.4897,-28.06,0,0.7333,NONE,0,9.81,0
20,3.125,-0.4588,-26.29,0,0.5358,NONE,0,9.81,0
20.05,3.125,-0.4374,-25.06,0,0.3531,NONE,0,9.81,0
20.1,3.125,-0.4248,-24.34,0,0.1818,NONE,0,9.81,0
20.15,3.125,-0.4206,-24.1,0,0.019,NONE,0,9.81,0
20.2,3.125,-0.4244,-24.32,0,-0.1383,NONE,0,9.81,0
20.25,3.125,-0.4361,-24.98,0,-0.293,NONE,0,9.81,0
20.3,3.125,-0.4555,-26.1,0,-0.4477,NONE,0,9.81,0
20.35,3.125,-0.4827,-27.66,0,-0.605,NONE,0,9.81,0
20.4,3.125,-0.518,-29.68,0,-0.7671,NONE,0,9.81,0
20.45,3.125,-0.5617,-32.18,0,-0.9362,NONE,0,9.81,0
20.5,3.125,-0.6141,-35.19,0,-1.1143,NONE,0,9.81,0
20.55,3.125,-0.6758,-38.72,0,-1.3032,NONE,0,9.81,0
20.6,3.1221,-0.7455,-42.71,-0.0961,-1.4414,USER_LEFT_ACCUM,-4.6,9.81,-4.5
20.65,3.114,-0.8224,-47.12,-0.2046,-1.5904,USER_LEFT_ACCUM,-5.2,9.81,-5.25
20.7,3.1,-0.9073,-51.98,-0.326,-1.7521,USER_LEFT_ACCUM,-5.8,9.81,-5.75
20.75,3.0796,-1.0006,-57.33,-0.4607,-1.9283,USER_LEFT_ACCUM,-6.4,9.81,-6.5
20.8,3.052,-1.1034,-63.22,-0.6094,-2.1208,USER_LEFT_ACCUM,-7,9.81,-7
20.85,3.0164,-1.2163,-69.69,-0.7731,-2.3314,USER_LEFT_ACCUM,-7.6,9.81,-7.5
20.9,2.9721,-1.3404,-76.8,-0.9532,-2.5617,USER_LEFT_ACCUM,-8.2,9.81,-8.25
20.95,2.9183,-1.4768,-84.61,-1.151,-2.8132,USER_LEFT_ACCUM,-8.8,9.81,-8.75
21,2.8539,-1.6264,-93.19,-1.3682,-3.0871,USER_LEFT_ACCUM,-9.4,9.81,-9.5
21.05,2.778,-1.7906,-102.59,-1.6061,-3.3838,USER_LEFT_ACCUM,-10,9.81,-10
21.1,2.6894,-1.9702,-112.89,-1.8656,-3.7027,USER_LEFT_ACCUM,-10.6,9.81,-10.5
21.15,2.5873,-2.1665,-124.13,-2.1462,-4.0402,USER_LEFT_ACCUM,-11.2,9.81,-11.25
21.2,2.4704,-2.38,-136.37,-2.4449,-4.3883,USER_LEFT_ACCUM,-11.8,9.81,-11.75
21.25,2.3382,-2.6109,-149.59,-2.7551,-4.7309,USER_LEFT_ACCUM,-12.4,9.81,-12.5
21.3,2.1904,-2.858,-163.75,-3.0649,-5.0418,USER_LEFT_ACCUM,-13,9.81,-13
21.35,2.0275,-3.1187,-178.69,-3.3587,-5.2846,USER_LEFT_ACCUM,-13.6,9.81,-13.5
21.4,1.8508,-3.3884,-194.14,-3.6207,-5.4208,USER_LEFT_ACCUM,-14.2,9.81,-14.25
21.45,1.6622,-3.6609,-209.75,-3.8425,-5.4246,USER_LEFT_ACCUM,-14.8,9.81,-14.75
21.5,1.4635,-3.9295,-225.14,-4.0283,-5.2934,USER_LEFT_ACCUM,-15.4,9.81,-15.5
21.55,1.2561,-4.188,-239.95,-4.1937,-5.0457,USER_LEFT_ACCUM,-16,9.81,-16
21.6,1.0404,-4.4313,-253.9,-4.3584,-4.7079,USER_LEFT_ACCUM,-16.6,9.81,-16.5
21.65,0.816,-4.6556,-266.75,-4.5395,-4.3034,USER_LEFT_ACCUM,-17.2,9.81,-17.25
21.7,0.5816,-4.8581,-278.35,-4.7479,-3.8487,USER_LEFT_ACCUM,-17.8,9.81,-17.75
21.75,0.3358,-5.0366,-288.58,-4.9885,-3.3559,USER_LEFT_ACCUM,-18.4,9.81,-18.5
21.8,0.077,-5.1895,-297.34,-5.261,-2.8347,USER_LEFT_ACCUM,-19,9.81,-19
21.85,-0.1965,-5.3156,-304.56,-5.5619,-2.2941,USER_LEFT_ACCUM,-19.6,9.81,-19.5
21.9,-0.4857,-5.4142,-310.21,-5.8861,-1.7424,USER_LEFT_ACCUM,-20.2,9.81,-20.25
21.95,-0.7918,-5.485,-314.27,-6.2282,-1.1863,USER_LEFT_ACCUM,-20.8,9.81,-20.75
22,-1.1155,-5.5278,-316.72,-6.5835,-0.6307,USER_LEFT_ACCUM,-21.4,9.81,-21.5
22.05,-1.4574,-5.5428,-317.58,-6.948,-0.0787,USER_LEFT_ACCUM,-22,9.81,-22
22.1,-1.8019,-5.539,-317.36,-6.7931,0.1772,NONE,0,9.81,0
22.15,-2.1386,-5.5225,-316.42,-6.6417,0.4275,NONE,0,9.81,0
22.2,-2.4679,-5.4935,-314.76,-6.4935,0.6756,NONE,0,9.81,0
22.25,-2.7898,-5.4521,-312.38,-6.3478,0.9241,NONE,0,9.81,0
22.3,-3.1045,-5.398,-309.28,-6.204,1.1757,NONE,0,9.81,0
22.35,-3.125,-5.3312,-305.45,0,1.4322,NONE,0,9.81,0
22.4,-3.125,-5.2512,-300.87,0,1.695,NONE,0,9.81,0
22.45,-3.125,-5.1579,-295.53,0,1.9649,NONE,0,9.81,0
22.5,-3.1249,-5.0508,-289.39,0.0047,2.2417,NONE,0,9.81,0
22.55,-3.1243,-4.9296,-282.44,0.0178,2.5248,NONE,0,9.81,0
22.6,-3.1227,-4.794,-274.67,0.0411,2.8124,NONE,0,9.81,0
22.65,-3.1196,-4.6439,-266.08,0.0757,3.1018,NONE,0,9.81,0
22.7,-3.1175,-4.4795,-256.66,0.0193,3.3837,USER_LEFT_ACCUM,-4.6,9.81,-4.5
22.75,-3.1183,-4.3016,-246.47,-0.0373,3.6429,USER_LEFT_ACCUM,-5.2,9.81,-5.25
22.8,-3.1221,-4.1118,-235.59,-0.0977,3.8666,USER_LEFT_ACCUM,-5.8,9.81,-5.75
22.85,-3.125,-3.9123,-224.16,0,4.0393,USER_LEFT_ACCUM,-6.4,9.81,-6.5
22.9,-3.125,-3.7062,-212.35,0,4.1425,USER_LEFT_ACCUM,-7,9.81,-7
22.95,-3.125,-3.4976,-200.4,0,4.1579,USER_LEFT_ACCUM,-7.6,9.81,-7.5
23,-3.125,-3.2912,-188.57,0,4.0719,USER_LEFT_ACCUM,-8.2,9.81,-8.25
23.05,-3.1181,-3.0829,-176.64,0.2284,4.1946,USER_RIGHT_ACCUM,8.8,9.81,8.75
23.1,-3.1002,-2.8709,-164.49,0.4415,4.2333,USER_RIGHT_ACCUM,9.4,9.81,9.5
23.15,-3.072,-2.6598,-152.39,0.6379,4.1814,USER_RIGHT_ACCUM,10,9.81,10
23.2,-3.0345,-2.4539,-140.6,0.8212,4.0423,USER_RIGHT_ACCUM,10.6,9.81,10.5
23.25,-2.9878,-2.2573,-129.33,0.9991,3.8271,USER_RIGHT_ACCUM,11.2,9.81,11.25
23.3,-2.9322,-2.0734,-118.79,1.1802,3.5499,USER_RIGHT_ACCUM,11.8,9.81,11.75
23.35,-2.8671,-1.9048,-109.14,1.3723,3.2244,USER_RIGHT_ACCUM,12.4,9.81,12.5
23.4,-2.7919,-1.7538,-100.48,1.5809,2.8619,USER_RIGHT_ACCUM,13,9.81,13
23.45,-2.7056,-1.6218,-92.92,1.8087,2.4711,USER_RIGHT_ACCUM,13.6,9.81,13.5
23.5,-2.6072,-1.5101,-86.52,2.0564,2.0592,USER_RIGHT_ACCUM,14.2,9.81,14.25
23.55,-2.4958,-1.4195,-81.33,2.323,1.6321,USER_RIGHT_ACCUM,14.8,9.81,14.75
23.6,-2.3706,-1.3507,-77.39,2.6062,1.1949,USER_RIGHT_ACCUM,15.4,9.81,15.5
23.65,-2.2306,-1.3041,-74.72,2.9036,0.7524,USER_RIGHT_ACCUM,16,9.81,16
23.7,-2.0754,-1.2797,-73.32,3.212,0.309,USER_RIGHT_ACCUM,16.6,9.81,16.5
23.75,-1.9044,-1.2774,-73.19,3.5288,-0.131,USER_RIGHT_ACCUM,17.2,9.81,17.25
23.8,-1.7173,-1.2971,-74.32,3.8509,-0.5635,USER_RIGHT_ACCUM,17.8,9.81,17.75
23.85,-1.514,-1.3381,-76.67,4.1759,-0.9837,USER_RIGHT_ACCUM,18.4,9.81,18.5
23.9,-1.2943,-1.3997,-80.2,4.501,-1.3861,USER_RIGHT_ACCUM,19,9.81,19
23.95,-1.0583,-1.4808,-84.85,4.8243,-1.7644,USER_RIGHT_ACCUM,19.6,9.81,19.5
24,-0.8062,-1.58,-90.53,5.1442,-2.1112,USER_RIGHT_ACCUM,20.2,9.81,20.25
24.05,-0.5381,-1.6954,-97.14,5.4598,-2.4183,USER_RIGHT_ACCUM,20.8,9.81,20.75
24.1,-0.2543,-1.8247,-104.55,5.7719,-2.6763,USER_RIGHT_ACCUM,21.4,9.81,21.5
24.15,0.0452,-1.9652,-112.6,6.0826,-2.8754,USER_RIGHT_ACCUM,22,9.81,22
24.2,0.3603,-2.1136,-121.1,6.3955,-3.0052,USER_RIGHT_ACCUM,22.6,9.81,22.5
24.25,0.6914,-2.2662,-129.84,6.7157,-3.0558,USER_RIGHT_ACCUM,23.2,9.81,23.25
24.3,1.0389,-2.4186,-138.58,7.0483,-3.0187,USER_RIGHT_ACCUM,23.8,9.81,23.75
24.35,1.4037,-2.5664,-147.04,7.3978,-2.8891,USER_RIGHT_ACCUM,24.4,9.81,24.5
24.4,1.7866,-2.7049,-154.98,7.7668,-2.6673,USER_RIGHT_ACCUM,25,9.81,25
24.45,2.1886,-2.8296,-162.12,8.1553,-2.3599,USER_RIGHT_ACCUM,25.6,9.81,25.5
24.5,2.6107,-2.9367,-168.26,8.5612,-1.9789,USER_RIGHT_ACCUM,26.2,9.81,26.25
24.55,3.0536,-3.0228,-173.2,8.9811,-1.5397,USER_RIGHT_ACCUM,26.8,9.81,26.75
24.6,3.125,-3.0857,-176.8,0,-1.0586,USER_RIGHT_ACCUM,27.4,9.81,27.5
24.65,3.125,-3.1235,-178.96,0,-0.5507,USER_RIGHT_ACCUM,28,9.81,28
24.7,3.125,-3.151,-180.54,-0.0007,-0.5441,NONE,0,9.81,0
24.75,3.125,-3.1778,-182.07,-0.0003,-0.527,NONE,0,9.81,0
24.8,3.125,-3.2035,-183.54,0.001,-0.4998,NONE,0,9.81,0
24.85,3.1218,-3.23,-185.06,-0.1072,-0.5461,USER_LEFT_ACCUM,-4.6,9.81,-4.5
24.9,3.1128,-3.2588,-186.71,-0.2262,-0.5914,USER_LEFT_ACCUM,-5.2,9.81,-5.25
24.95,3.0975,-3.2898,-188.49,-0.3555,-0.6349,USER_LEFT_ACCUM,-5.8,9.81,-5.75
25,3.0754,-3.3229,-190.39,-0.4948,-0.6755,USER_LEFT_ACCUM,-6.4,9.81,-6.5
25.05,3.046,-3.358,-192.4,-0.6437,-0.7123,USER_LEFT_ACCUM,-7,9.81,-7
25.1,3.0089,-3.3948,-194.51,-0.8018,-0.7443,USER_LEFT_ACCUM,-7.6,9.81,-7.5
25.15,2.9636,-3.433,-196.69,-0.9688,-0.7709,USER_LEFT_ACCUM,-8.2,9.81,-8.25
25.2,2.9096,-3.4723,-198.95,-1.1445,-0.7911,USER_LEFT_ACCUM,-8.8,9.81,-8.75
25.25,2.8465,-3.5125,-201.25,-1.3286,-0.8045,USER_LEFT_ACCUM,-9.4,9.81,-9.5
25.3,2.7739,-3.5531,-203.58,-1.5207,-0.8105,USER_LEFT_ACCUM,-10,9.81,-10
25.35,2.6914,-3.5938,-205.91,-1.7207,-0.8089,USER_LEFT_ACCUM,-10.6,9.81,-10.5
25.4,2.5987,-3.6341,-208.22,-1.9285,-0.7994,USER_LEFT_ACCUM,-11.2,9.81,-11.25
25.45,2.4953,-3.6738,-210.49,-2.1438,-0.7821,USER_LEFT_ACCUM,-11.8,9.81,-11.75
25.5,2.3808,-3.7123,-212.7,-2.3666,-0.7571,USER_LEFT_ACCUM,-12.4,9.81,-12.5
25.55,2.2549,-3.7494,-214.82,-2.5967,-0.7248,USER_LEFT_ACCUM,-13,9.81,-13
25.6,2.1173,-3.7846,-216.84,-2.834,-0.6856,USER_LEFT_ACCUM,-13.6,9.81,-13.5
25.65,1.9674,-3.8177,-218.74,-3.0785,-0.6402,USER_LEFT_ACCUM,-14.2,9.81,-14.25
25.7,1.8051,-3.8483,-220.49,-3.3301,-0.5893,USER_LEFT_ACCUM,-14.8,9.81,-14.75
25.75,1.63,-3.8763,-222.09,-3.5887,-0.5339,USER_LEFT_ACCUM,-15.4,9.81,-15.5
25.8,1.4416,-3.9013,-223.53,-3.8543,-0.475,USER_LEFT_ACCUM,-16,9.81,-16
25.85,1.2397,-3.9233,-224.79,-4.1266,-0.4136,USER_LEFT_ACCUM,-16.6,9.81,-16.5
25.9,1.0239,-3.9422,-225.87,-4.4057,-0.351,USER_LEFT_ACCUM,-17.2,9.81,-17.25
25.95,0.7938,-3.958,-226.77,-4.6914,-0.2883,USER_LEFT_ACCUM,-17.8,9.81,-17.75
26,0.5492,-3.9706,-227.5,-4.9836,-0.2269,USER_LEFT_ACCUM,-18.4,9.81,-18.5
26.05,0.2898,-3.9802,-228.05,-5.2823,-0.1679,USER_LEFT_ACCUM,-19,9.81,-19
26.1,0.0151,-3.987,-228.44,-5.5872,-0.1126,USER_LEFT_ACCUM,-19.6,9.81,-19.5
26.15,-0.2751,-3.9911,-228.67,-5.8982,-0.0623,USER_LEFT_ACCUM,-20.2,9.81,-20.25
26.2,-0.552,-3.9785,-227.95,-5.2553,0.4575,USER_RIGHT_ACCUM,20.8,9.81,20.75
26.25,-0.7967,-3.9399,-225.74,-4.6125,0.9729,USER_RIGHT_ACCUM,21.4,9.81,21.5
26.3,-1.0089,-3.8755,-222.05,-3.9671,1.4864,USER_RIGHT_ACCUM,22,9.81,22
26.35,-1.1886,-3.7853,-216.88,-3.3172,1.9996,USER_RIGHT_ACCUM,22.6,9.81,22.5
26.4,-1.3355,-3.6694,-210.24,-2.6617,2.5116,USER_RIGHT_ACCUM,23.2,9.81,23.25
26.45,-1.4493,-3.5279,-202.13,-2.0017,3.0169,USER_RIGHT_ACCUM,23.8,9.81,23.75
26.5,-1.53,-3.3616,-192.6,-1.3412,3.5032,USER_RIGHT_ACCUM,24.4,9.81,24.5
26.55,-1.5776,-3.1721,-181.75,-0.6877,3.9496,USER_RIGHT_ACCUM,25,9.81,25
26.6,-1.5929,-2.9622,-169.72,-0.0521,4.3266,USER_RIGHT_ACCUM,25.6,9.81,25.5
26.65,-1.5772,-2.7365,-156.79,0.5542,4.6013,USER_RIGHT_ACCUM,26.2,9.81,26.25
26.7,-1.5321,-2.5008,-143.29,1.1238,4.7466,USER_RIGHT_ACCUM,26.8,9.81,26.75
26.75,-1.4595,-2.2622,-129.61,1.6579,4.7504,USER_RIGHT_ACCUM,27.4,9.81,27.5
26.8,-1.3608,-2.0275,-116.17,2.1667,4.6166,USER_RIGHT_ACCUM,28,9.81,28
26.85,-1.2369,-1.8033,-103.32,2.6659,4.3599,USER_RIGHT_ACCUM,28.6,9.81,28.5
26.9,-1.0877,-1.5952,-91.4,3.1709,3.998,USER_RIGHT_ACCUM,29.2,9.81,29.25
26.95,-0.9126,-1.4079,-80.67,3.6936,3.5478,USER_RIGHT_ACCUM,29.8,9.81,29.75
27,-0.7105,-1.2454,-71.36,4.2399,3.0248,USER_RIGHT_ACCUM,30.4,9.81,30.5
27.05,-0.4802,-1.111,-63.65,4.8105,2.4446,USER_RIGHT_ACCUM,31,9.81,31
27.1,-0.2207,-1.0069,-57.69,5.4021,1.8228,USER_RIGHT_ACCUM,31.6,9.81,31.5
27.15,0.0691,-0.9349,-53.57,6.0093,1.1744,USER_RIGHT_ACCUM,32.2,9.81,32.25
27.2,0.3898,-0.8959,-51.33,6.626,0.5129,USER_RIGHT_ACCUM,32.8,9.81,32.75
27.25,0.7182,-0.8793,-50.38,6.4779,0.2097,NONE,0,9.81,0
27.3,1.0394,-0.8776,-50.28,6.3342,-0.0825,NONE,0,9.81,0
27.35,1.3535,-0.8904,-51.02,6.1939,-0.3672,NONE,0,9.81,0
27.4,1.6606,-0.9173,-52.56,6.0563,-0.6472,NONE,0,9.81,0
27.45,1.9608,-0.9582,-54.9,5.9206,-0.9254,NONE,0,9.81,0
27.5,2.2511,-1.0118,-57.97,5.6806,-1.1587,USER_LEFT_ACCUM,-4.6,9.81,-4.5
27.55,2.529,-1.0771,-61.72,5.4303,-1.3936,USER_LEFT_ACCUM,-5.2,9.81,-5.25
27.6,2.7939,-1.1544,-66.14,5.1691,-1.6332,USER_LEFT_ACCUM,-5.8,9.81,-5.75
27.65,3.0454,-1.244,-71.27,4.8961,-1.8802,USER_LEFT_ACCUM,-6.4,9.81,-6.5
27.7,3.123,-1.3462,-77.13,-0.0998,-2.1372,USER_LEFT_ACCUM,-7,9.81,-7
27.75,3.1125,-1.4618,-83.75,-0.283,-2.4066,USER_LEFT_ACCUM,-7.6,9.81,-7.5
27.8,3.0922,-1.5913,-91.18,-0.4845,-2.6903,USER_LEFT_ACCUM,-8.2,9.81,-8.25
27.85,3.0612,-1.7356,-99.44,-0.7056,-2.9896,USER_LEFT_ACCUM,-8.8,9.81,-8.75
27.9,3.0184,-1.8953,-108.59,-0.9473,-3.305,USER_LEFT_ACCUM,-9.4,9.81,-9.5
27.95,2.9629,-2.0714,-118.68,-1.2099,-3.635,USER_LEFT_ACCUM,-10,9.81,-10
28,2.8936,-2.2643,-129.74,-1.492,-3.9753,USER_LEFT_ACCUM,-10.6,9.81,-10.5
28.05,2.8097,-2.4744,-141.77,-1.7896,-4.316,USER_LEFT_ACCUM,-11.2,9.81,-11.25
28.1,2.7106,-2.701,-154.76,-2.095,-4.6395,USER_LEFT_ACCUM,-11.8,9.81,-11.75
28.15,2.5962,-2.9426,-168.6,-2.3963,-4.9187,USER_LEFT_ACCUM,-12.4,9.81,-12.5
28.2,2.4672,-3.1958,-183.11,-2.679,-5.1201,USER_LEFT_ACCUM,-13,9.81,-13
28.25,2.325,-3.4559,-198.01,-2.9305,-5.2117,USER_LEFT_ACCUM,-13.6,9.81,-13.5
28.3,2.1712,-3.7167,-212.95,-3.1466,-5.1766,USER_LEFT_ACCUM,-14.2,9.81,-14.25
28.35,2.0074,-3.9721,-227.58,-3.3342,-5.0183,USER_LEFT_ACCUM,-14.8,9.81,-14.75
28.4,1.8346,-4.2163,-241.58,-3.5082,-4.7564,USER_LEFT_ACCUM,-15.4,9.81,-15.5
28.45,1.653,-4.445,-254.68,-3.6859,-4.4144,USER_LEFT_ACCUM,-16,9.81,-16
28.5,1.462,-4.6546,-266.69,-3.8811,-4.0124,USER_LEFT_ACCUM,-16.6,9.81,-16.5
28.55,1.2603,-4.8427,-277.47,-4.1026,-3.565,USER_LEFT_ACCUM,-17.2,9.81,-17.25
28.6,1.0466,-5.0073,-286.9,-4.3537,-3.0831,USER_LEFT_ACCUM,-17.8,9.81,-17.75
28.65,0.8194,-5.1469,-294.89,-4.6337,-2.5755,USER_LEFT_ACCUM,-18.4,9.81,-18.5
28.7,0.5773,-5.2604,-301.4,-4.9393,-2.0504,USER_LEFT_ACCUM,-19,9.81,-19
28.75,0.3464,-5.3578,-306.98,-4.3697,-1.8651,USER_RIGHT_ACCUM,19.6,9.81,19.5
28.8,0.144,-5.4477,-312.13,-3.802,-1.7368,USER_RIGHT_ACCUM,20.2,9.81,20.25
28.85,-0.0299,-5.5327,-317,-3.2344,-1.6632,USER_RIGHT_ACCUM,20.8,9.81,20.75
28.9,-0.1752,-5.6157,-321.76,-2.6655,-1.6431,USER_RIGHT_ACCUM,21.4,9.81,21.5
28.95,-0.2919,-5.6993,-326.54,-2.0941,-1.6758,USER_RIGHT_ACCUM,22,9.81,22
29,-0.3797,-5.7861,-331.52,-1.5194,-1.7617,USER_RIGHT_ACCUM,22.6,9.81,22.5
29.05,-0.4386,-5.8788,-336.83,-0.9406,-1.902,USER_RIGHT_ACCUM,23.2,9.81,23.25
29.1,-0.4682,-5.9804,-342.65,-0.3572,-2.0986,USER_RIGHT_ACCUM,23.8,9.81,23.75
29.15,-0.4684,-6.0935,-349.13,0.231,-2.3533,USER_RIGHT_ACCUM,24.4,9.81,24.5
29.2,-0.4388,-6.2213,-356.45,0.8235,-2.6673,USER_RIGHT_ACCUM,25,9.81,25
29.25,-0.3795,-6.3666,-364.78,1.4182,-3.0393,USER_RIGHT_ACCUM,25.6,9.81,25.5
29.3,-0.2903,-6.5321,-374.26,2.0111,-3.4636,USER_RIGHT_ACCUM,26.2,9.81,26.25
29.35,-0.1715,-6.7202,-385.04,2.595,-3.9279,USER_RIGHT_ACCUM,26.8,9.81,26.75
29.4,-0.024,-6.9323,-397.19,3.1598,-4.4115,USER_RIGHT_ACCUM,27.4,9.81,27.5
29.45,0.151,-7.1684,-410.72,3.6934,-4.8868,USER_RIGHT_ACCUM,28,9.81,28
29.5,0.3515,-7.4272,-425.55,4.1855,-5.3235,USER_RIGHT_ACCUM,28.6,9.81,28.5
29.55,0.5754,-7.7059,-441.51,4.6323,-5.6925,USER_RIGHT_ACCUM,29.2,9.81,29.25
29.6,0.8206,-8.0003,-458.38,5.0412,-5.968,USER_RIGHT_ACCUM,29.8,9.81,29.75
29.65,1.0858,-8.3048,-475.83,5.432,-6.1224,USER_RIGHT_ACCUM,30.4,9.81,30.5
29.7,1.371,-8.6125,-493.46,5.8345,-6.1216,USER_RIGHT_ACCUM,31,9.81,31
29.75,1.6776,-8.9142,-510.75,6.2815,-5.928,USER_RIGHT_ACCUM,31.6,9.81,31.5
29.8,2.0088,-9.1998,-527.11,6.7949,-5.5207,USER_RIGHT_ACCUM,32.2,9.81,32.25
29.85,2.3677,-3.1759,-181.96,7.3745,-4.9182,USER_RIGHT_ACCUM,32.8,9.81,32.75
29.9,2.7572,-3.4007,-194.84,7.9991,-4.179,USER_RIGHT_ACCUM,33.4,9.81,33.5
29.95,3.125,-3.5863,-205.48,0,-3.3738,USER_RIGHT_ACCUM,34,9.81,34
30,3.125,-3.7311,-213.77,0,-2.557,USER_RIGHT_ACCUM,34.6,9.81,34.5
30.05,3.125,-3.851,-220.64,0,-2.2726,NONE,0,9.81,0
30.1,3.125,-3.9558,-226.65,0,-1.9627,NONE,0,9.81,0
30.15,3.125,-4.0445,-231.73,0,-1.636,NONE,0,9.81,0
30.2,3.125,-4.1165,-235.86,0,-1.2996,NONE,0,9.81,0
30.25,3.125,-4.1715,-239.01,0,-0.9587,NONE,0,9.81,0
30.3,3.125,-4.2094,-241.18,0,-0.6176,NONE,0,9.81,0
30.35,3.125,-4.2302,-242.37,0,-0.2793,NONE,0,9.81,0
30.4,3.1223,-4.2352,-242.66,-0.0907,0.0171,USER_LEFT_ACCUM,-4.6,9.81,-4.5
30.45,3.1146,-4.2257,-242.12,-0.1928,0.3027,USER_LEFT_ACCUM,-5.2,9.81,-5.25
30.5,3.1015,-4.2023,-240.77,-0.3053,0.5744,USER_LEFT_ACCUM,-5.8,9.81,-5.75
30.55,3.0825,-4.1657,-238.68,-0.4273,0.829,USER_LEFT_ACCUM,-6.4,9.81,-6.5
30.6,3.057,-4.117,-235.89,-0.5581,1.0629,USER_LEFT_ACCUM,-7,9.81,-7
30.65,3.0248,-4.0573,-232.46,-0.6976,1.2722,USER_LEFT_ACCUM,-7.6,9.81,-7.5
30.7,2.9852,-3.9879,-228.49,-0.8457,1.4525,USER_LEFT_ACCUM,-8.2,9.81,-8.25
30.75,2.938,-3.9105,-224.05,-1.0031,1.5993,USER_LEFT_ACCUM,-8.8,9.81,-8.75
30.8,2.8825,-3.8268,-219.26,-1.1707,1.708,USER_LEFT_ACCUM,-9.4,9.81,-9.5
30.85,2.8182,-3.739,-214.23,-1.3494,1.7744,USER_LEFT_ACCUM,-10,9.81,-10
30.9,2.7447,-3.6492,-209.08,-1.5404,1.7952,USER_LEFT_ACCUM,-10.6,9.81,-10.5
30.95,2.6611,-3.5598,-203.96,-1.7448,1.768,USER_LEFT_ACCUM,-11.2,9.81,-11.25
31,2.5668,-3.4732,-199,-1.9629,1.6923,USER_LEFT_ACCUM,-11.8,9.81,-11.75
31.05,2.4611,-3.3919,-194.34,-2.195,1.5694,USER_LEFT_ACCUM,-12.4,9.81,-12.5
31.1,2.3434,-3.3181,-190.11,-2.4405,1.4024,USER_LEFT_ACCUM,-13,9.81,-13
31.15,2.213,-3.2539,-186.43,-2.6986,1.1962,USER_LEFT_ACCUM,-13.6,9.81,-13.5
31.2,2.0692,-3.201,-183.4,-2.968,0.9566,USER_LEFT_ACCUM,-14.2,9.81,-14.25
31.25,1.9116,-3.161,-181.11,-3.2478,0.69,USER_LEFT_ACCUM,-14.8,9.81,-14.75
31.3,1.7396,-3.135,-179.62,-3.5367,0.403,USER_LEFT_ACCUM,-15.4,9.81,-15.5
31.35,1.5529,-3.1239,-178.98,-3.8338,0.1022,USER_LEFT_ACCUM,-16,9.81,-16
31.4,1.3511,-3.1281,-179.22,-4.1384,-0.2063,USER_LEFT_ACCUM,-16.6,9.81,-16.5
31.45,1.1337,-3.1478,-180.36,-4.4497,-0.5164,USER_LEFT_ACCUM,-17.2,9.81,-17.25
31.5,0.9005,-3.183,-182.37,-4.767,-0.8219,USER_LEFT_ACCUM,-17.8,9.81,-17.75
31.55,0.6512,-3.2332,-185.25,-5.0894,-1.1166,USER_LEFT_ACCUM,-18.4,9.81,-18.5
31.6,0.3856,-3.2977,-188.94,-5.4158,-1.3936,USER_LEFT_ACCUM,-19,9.81,-19
31.65,0.1035,-3.3754,-193.39,-5.7447,-1.6458,USER_LEFT_ACCUM,-19.6,9.81,-19.5
31.7,-0.1952,-3.4647,-198.51,-6.0747,-1.8656,USER_LEFT_ACCUM,-20.2,9.81,-20.25
31.75,-0.5104,-3.5639,-204.2,-6.4042,-2.0456,USER_LEFT_ACCUM,-20.8,9.81,-20.75
31.8,-0.8422,-3.6708,-210.32,-6.732,-2.1791,USER_LEFT_ACCUM,-21.4,9.81,-21.5
31.85,-1.1903,-3.7827,-216.74,-7.0575,-2.2609,USER_LEFT_ACCUM,-22,9.81,-22
31.9,-1.5548,-3.8972,-223.29,-7.381,-2.2876,USER_LEFT_ACCUM,-22.6,9.81,-22.5
31.95,-1.9191,-4.0024,-229.32,-7.1664,-1.9651,NONE,0,9.81,0
32,-2.273,-4.0909,-234.39,-6.9605,-1.6277,NONE,0,9.81,0
32.05,-2.6168,-4.1622,-238.48,-6.764,-1.2822,NONE,0,9.81,0
32.1,-2.9511,-4.2161,-241.56,-6.5765,-0.9336,NONE,0,9.81,0
32.15,-3.1249,-4.2525,-243.65,0.0064,-0.5859,NONE,0,9.81,0
32.2,-3.121,-4.2705,-244.68,0.1247,-0.2073,USER_RIGHT_ACCUM,4.6,9.81,4.5
32.25,-3.1109,-4.2696,-244.63,0.2525,0.1674,USER_RIGHT_ACCUM,5.2,9.81,5.25
32.3,-3.094,-4.25,-243.5,0.3911,0.5373,USER_RIGHT_ACCUM,5.8,9.81,5.75
32.35,-3.0698,-4.2119,-241.33,0.542,0.902,USER_RIGHT_ACCUM,6.4,9.81,6.5
32.4,-3.0376,-4.1557,-238.11,0.7063,1.2616,USER_RIGHT_ACCUM,7,9.81,7
32.45,-2.9967,-4.0816,-233.86,0.885,1.6158,USER_RIGHT_ACCUM,7.6,9.81,7.5
32.5,-2.9464,-3.9899,-228.6,1.0787,1.9638,USER_RIGHT_ACCUM,8.2,9.81,8.25
32.55,-2.8859,-3.881,-222.36,1.2872,2.3037,USER_RIGHT_ACCUM,8.8,9.81,8.75
32.6,-2.8145,-3.7553,-215.16,1.5096,2.6318,USER_RIGHT_ACCUM,9.4,9.81,9.5
32.65,-2.7316,-3.6137,-207.05,1.7436,2.9418,USER_RIGHT_ACCUM,10,9.81,10
32.7,-2.6367,-3.4573,-198.09,1.9856,3.2242,USER_RIGHT_ACCUM,10.6,9.81,10.5
32.75,-2.5295,-3.288,-188.39,2.2304,3.4664,USER_RIGHT_ACCUM,11.2,9.81,11.25
32.8,-2.4101,-3.1081,-178.08,2.4721,3.6538,USER_RIGHT_ACCUM,11.8,9.81,11.75
32.85,-2.2788,-2.9209,-167.36,2.7054,3.772,USER_RIGHT_ACCUM,12.4,9.81,12.5
32.9,-2.1361,-2.7302,-156.43,2.9272,3.8106,USER_RIGHT_ACCUM,13,9.81,13
32.95,-1.9827,-2.5401,-145.53,3.1376,3.7658,USER_RIGHT_ACCUM,13.6,9.81,13.5
33,-1.8189,-2.3546,-134.91,3.3405,3.641,USER_RIGHT_ACCUM,14.2,9.81,14.25
33.05,-1.6449,-2.1776,-124.77,3.5421,3.4448,USER_RIGHT_ACCUM,14.8,9.81,14.75
33.1,-1.4607,-2.0123,-115.29,3.7493,3.1879,USER_RIGHT_ACCUM,15.4,9.81,15.5
33.15,-1.2657,-1.8614,-106.65,3.9678,2.8811,USER_RIGHT_ACCUM,16,9.81,16
33.2,-1.0593,-1.7271,-98.95,4.2018,2.534,USER_RIGHT_ACCUM,16.6,9.81,16.5
33.25,-0.8406,-1.6112,-92.32,4.4533,2.1548,USER_RIGHT_ACCUM,17.2,9.81,17.25
33.3,-0.6087,-1.5152,-86.81,4.7225,1.7509,USER_RIGHT_ACCUM,17.8,9.81,17.75
33.35,-0.3627,-1.44,-82.5,5.0082,1.3289,USER_RIGHT_ACCUM,18.4,9.81,18.5
33.4,-0.102,-1.3863,-79.43,5.3084,0.8952,USER_RIGHT_ACCUM,19,9.81,19
33.45,0.1742,-1.3546,-77.61,5.6205,0.4558,USER_RIGHT_ACCUM,19.6,9.81,19.5
33.5,0.4663,-1.345,-77.06,5.9416,0.0165,USER_RIGHT_ACCUM,20.2,9.81,20.25
33.55,0.7748,-1.3573,-77.77,6.2688,-0.4167,USER_RIGHT_ACCUM,20.8,9.81,20.75
33.6,1.0998,-1.3909,-79.69,6.5995,-0.8378,USER_RIGHT_ACCUM,21.4,9.81,21.5
33.65,1.4266,-1.4432,-82.69,6.4377,-1.1738,NONE,0,9.81,0
33.7,1.7452,-1.5122,-86.64,6.2749,-1.5039,NONE,0,9.81,0
33.75,2.0555,-1.5976,-91.53,6.1096,-1.828,NONE,0,9.81,0
33.8,2.3574,-1.699,-97.35,5.9403,-2.1454,NONE,0,9.81,0
33.85,2.6507,-1.8162,-104.06,5.7661,-2.4543,NONE,0,9.81,0
33.9,2.935,-1.9485,-111.64,5.5867,-2.7518,NONE,0,9.81,0
33.95,3.1249,-2.0953,-120.05,-0.0098,-3.0332,NONE,0,9.81,0
34,3.1228,-2.2555,-129.23,-0.063,-3.2919,NONE,0,9.81,0
34.05,3.118,-2.4278,-139.1,-0.1188,-3.5183,NONE,0,9.81,0
34.1,3.1104,-2.6101,-149.55,-0.1722,-3.7005,NONE,0,9.81,0
34.15,3.1004,-2.7998,-160.42,-0.2167,-3.8241,NONE,0,9.81,0
34.2,3.0887,-2.9935,-171.51,-0.246,-3.8754,NONE,0,9.81,0
34.25,3.076,-3.1873,-182.62,-0.2557,-3.8446,NONE,0,9.81,0
34.3,3.0635,-3.377,-193.49,-0.2446,-3.7293,NONE,0,9.81,0
34.35,3.0521,-3.5586,-203.89,-0.2156,-3.5358,NONE,0,9.81,0
34.4,3.0425,-3.7284,-213.62,-0.1747,-3.2771,NONE,0,9.81,0
34.45,3.0351,-3.8838,-222.52,-0.1286,-2.9692,NONE,0,9.81,0
34.5,3.0301,-4.0226,-230.48,-0.0831,-2.6275,NONE,0,9.81,0
34.55,3.0272,-4.1436,-237.41,-0.0425,-2.2645,NONE,0,9.81,0
34.6,3.0261,-4.2461,-243.28,-0.009,-1.89,NONE,0,9.81,0
34.65,3.0264,-4.3296,-248.07,0.0169,-1.5108,NONE,0,9.81,0
34.7,3.0278,-4.394,-251.76,0.0358,-1.1319,NONE,0,9.81,0
34.75,3.0301,-4.4396,-254.37,0.0489,-0.7564,NONE,0,9.81,0
34.8,3.0328,-4.4664,-255.91,0.0579,-0.3866,NONE,0,9.81,0
34.85,3.0359,-4.4748,-256.39,0.0646,-0.0241,NONE,0,9.81,0
34.9,3.0393,-4.4653,-255.85,0.0707,0.3301,NONE,0,9.81,0
34.95,3.0431,-4.4383,-254.3,0.0778,0.675,NONE,0,9.81,0
